产品系列/名称,版本号,BootROM（密码）,Console（用户名/密码）,Telnet（用户名/密码）,Web（用户名/密码）,备注
AntiDDoS1500,V100R001,O&m15213,admin/Admin@123,admin/Admin@123,admin/Admin@123,Web用户指的是登录ATIC管理中心的用户。
AntiDDoS8000,V100R001,WWW@HUAWEI,admin/Admin@123,admin/Admin@123,admin/Admin@123,Web用户指的是登录ATIC管理中心的用户。
ASG2000,V100R001,O&m15213,admin/Admin@123,不支持Telnet管理。,admin/Admin@123,Web用户包括登录ASG设备Web界面的用户和登录ASG管理中心的用户。
AVE2200/2600/2800,V100R001,O&m15213,admin/Admin@123,admin/Admin@123,admin/Admin@123,无
AVE2900,V300R001,O&m15213,admin/Admin@123,admin/Admin@123,admin/Admin@123,无
Eudemon 100E/200S,V200R001C03,8060,"eudemon/eudemon
admin/Admin@123",NA,NA,无
Eudemon 200,V200R007C03,8060,"eudemon/eudemon
admin/Admin@123",NA,NA,无
Eudemon 300/500/1000,V200R006C02,8060,"eudemon/eudemon
admin/Admin@123",NA,NA,无
Eudemon 8000,NA,8011,NA,NA,NA,无
Eudemon 8040/8080,V300R001,8060,"eudemon/eudemon
admin/Admin@123",NA,NA,无
Eudemon 8080E/8160E,V100R001C01,"8090
www@huawei
O&m15213",NA,NA,NA,无
Eudemon1000E-N,V100R001,O&m15213,admin/Admin@123,没有缺省Telnet用户，需要手动创建。,"admin/Admin@123（系统管理员）
audit-admin/Admin@123（审计管理员）",无
Eudemon1000E-U,V100R002,"usg5000
O&m15213",admin/Admin@123,没有缺省Telnet用户，需要手动创建。,没有缺省Web用户，需要手动创建。,无
Eudemon1000E-U,V100R003,O&m15213,admin/Admin@123,没有缺省Telnet用户，需要手动创建。,admin/Admin@123,无
Eudemon1000E-U,V200R001,O&m15213,admin/Admin@123,没有缺省Telnet用户，需要手动创建。,admin/Admin@123,无
Eudemon1000E-X,V200R001,O&m15213,admin/Admin@123,没有缺省Telnet用户，需要手动创建。,admin/Admin@123,无
Eudemon1000E-X,V300R001,O&m15213,admin/Admin@123,admin/Admin@123,admin/Admin@123,无
Eudemon200E-B/C/F/X,V300R001,O&m15213,admin/Admin@123,admin/Admin@123,admin/Admin@123,无
Eudemon200E-N,V100R001,O&m15213,admin/Admin@123,没有缺省Telnet用户，需要手动创建。,"admin/Admin@123（系统管理员）
audit-admin/Admin@123（审计管理员）",无
Eudemon8000E-X,V200R001,WWW@HUAWEI,admin/Admin@123,admin/Admin@123,admin/Admin@123,无
Eudemon8000E-X,V300R001,WWW@HUAWEI,admin/Admin@123,admin/Admin@123,admin/Admin@123,无
IPS Module,V100R001,O&m15213,admin/Admin@123,没有缺省Telnet用户，需要手动创建。,admin/Admin@123,无
NGFW Module,V100R001,O&m15213,admin/Admin@123,没有缺省Telnet用户，需要手动创建。,"admin/Admin@123（系统管理员）
audit-admin/Admin@123（审计管理员）",无
NIP200/1000,V100R001,NA,admin/admin,NA,administrator/huawei123,Web用户指的是登录管理软件控制台的用户。
NIP2000/5000,V100R001,O&m15213,admin/Admin@123,admin/Admin@123,admin/Admin@123,无
NIP2000/5000,V100R002,O&m15213,admin/Admin@123,admin/Admin@123,admin/Admin@123,无
SRG1200/2200/3200,V100R002,O&m15213,admin/Admin@123,admin/Admin@123,admin/Admin@123,无
SVN2200,V200R001,O&m15213,admin/Admin@123,admin/Admin@123,admin/Admin@123,无
SVN3000,V100R002,"svn3000
huawei_svn3000
O&m15213",admin/Admin@123,没有缺省Telnet用户，需要手动创建。,NA,无
SVN5500,V200R001,O&m15213,admin/Admin@123,admin/Admin@123,admin/Admin@123,无
SVN5600,V200R003,O&m15213,admin/Admin@123,没有缺省Telnet用户，需要手动创建。,admin/Admin@123,无
SVN5800,V200R003,O&m15213,admin/Admin@123,没有缺省Telnet用户，需要手动创建。,admin/Admin@123,无
USG2100,V100R001,O&m15213,admin/Admin@123,NA,admin/Admin@123,无
USG2100,V100R002,O&m15213,admin/Admin@123,NA,admin/Admin@123,无
USG2100,V100R003,O&m15213,admin/Admin@123,NA,admin/Admin@123,无
USG2100,V100R005,O&m15213,admin/Admin@123,NA,admin/Admin@123,无
USG2100,V300R001,O&m15213,admin/Admin@123,admin/Admin@123,admin/Admin@123,无
USG2110,V100R001,"usg50
secoway
O&m15213",admin/Admin@123,NA,NA,无
USG2110-X,V100R003C03,O&m15213,admin/Admin@123,NA,admin/Admin@123,无
USG2110-X,V300R001,O&m15213,admin/Admin@123,admin/Admin@123,admin/Admin@123,无
USG2200,V100R001,_Security,NA,NA,NA,无
USG2200,V100R002,O&m15213,NA,NA,NA,无
USG2200,V100R003,O&m15213,admin/Admin@123,NA,admin/Admin@123,无
USG2200,V100R005,O&m15213,admin/Admin@123,NA,admin/Admin@123,无
USG2200,V300R001,O&m15213,admin/Admin@123,admin/Admin@123,admin/Admin@123,无
USG3000,V100R001,"usg3000
e200e
_Security
secoway","usg3000/usg3000
admin/Admin@123",NA,NA,无
USG3000,V100R002,"usg3000
secoway","usg3000/usg3000
admin/Admin@123",NA,NA,无
USG50,V100R001,"usg50
secoway
O&m15213","usg50/usg50
admin/Admin@123",NA,NA,无
USG5100,V100R003,O&m15213,admin/Admin@123,NA,admin/Admin@123,无
USG5100,V100R005,O&m15213,admin/Admin@123,NA,admin/Admin@123,无
USG5100,V300R001,O&m15213,admin/Admin@123,admin/Admin@123,admin/Admin@123,无
USG5300,V100R002,"usg5000
O&m15213",admin/Admin@123,没有缺省Telnet用户，需要手动创建。,没有缺省Web用户，需要手动创建。,无
USG5300,V100R003,O&m15213,admin/Admin@123,没有缺省Telnet用户，需要手动创建。,admin/Admin@123,无
USG5300,V200R001,O&m15213,admin/Admin@123,没有缺省Telnet用户，需要手动创建。,admin/Admin@123,无
USG5300ADD&ADI,V100R001,O&m15213,admin/Admin@123,没有缺省Telnet用户，需要手动创建。,admin/Admin@123,无
USG5500,V200R001,O&m15213,admin/Admin@123,没有缺省Telnet用户，需要手动创建。,admin/Admin@123,无
USG5500,V200R002,O&m15213,admin/Admin@123,没有缺省Telnet用户，需要手动创建。,admin/Admin@123,无
USG5500,V300R001,O&m15213,admin/Admin@123,admin/Admin@123,admin/Admin@123,无
USG6300/6500/6600,V100R001,O&m15213,admin/Admin@123,没有缺省Telnet用户，需要手动创建。,"admin/Admin@123（系统管理员）
audit-admin/Admin@123（审计管理员）",无
USG9100,V100R001,O&m15213,admin/Admin@123,NA,没有缺省Web用户，需要手动创建。,无
USG9300,V100R001,"8090
O&m15213","eudemon/eudemon
admin/Admin@123",NA,不支持Web管理。,无
USG9300,V100R002,O&m15213,admin/Admin@123,NA,不支持Web管理。,无
USG9300,V100R003,O&m15213,admin/Admin@123,NA,没有缺省Web用户，需要手动创建。,无
USG9500,V200R001,WWW@HUAWEI,admin/Admin@123,admin/Admin@123,admin/Admin@123,无
USG9500,V300R001,WWW@HUAWEI,admin/Admin@123,admin/Admin@123,admin/Admin@123,无
WAF2000/5000,V100R001,NA,admin/Admin@123,NA,admin/Admin@123,无
,,,,,,
,,,,,,
,,,,,,
,,,,,,
,,,,,,
,,,,,,
,,,,,,
,,,,,,
,,,,,,
,,,,,,
,,,,,,
,,,,,,
,,,,,,
,,,,,,
,,,,,,
,,,,,,
,,,,,,
,,,,,,
,,,,,,
,,,,,,
,,,,,,
,,,,,,
,,,,,,
,,,,,,
,,,,,,
,,,,,,
,,,,,,
,,,,,,
,,,,,,
,,,,,,
,,,,,,
,,,,,,
,,,,,,
,,,,,,
,,,,,,
,,,,,,
,,,,,,
,,,,,,
,,,,,,
,,,,,,
,,,,,,
,,,,,,
,,,,,,
,,,,,,
,,,,,,
,,,,,,
,,,,,,
,,,,,,
,,,,,,
,,,,,,
,,,,,,
,,,,,,
,,,,,,
,,,,,,
,,,,,,
,,,,,,
,,,,,,
,,,,,,
,,,,,,
,,,,,,
,,,,,,
,,,,,,
,,,,,,
,,,,,,
,,,,,,
,,,,,,
,,,,,,
,,,,,,
,,,,,,
,,,,,,
,,,,,,
,,,,,,
,,,,,,
,,,,,,
,,,,,,
,,,,,,
,,,,,,
,,,,,,
,,,,,,
,,,,,,
,,,,,,
,,,,,,
,,,,,,
,,,,,,
,,,,,,
,,,,,,
,,,,,,
,,,,,,
,,,,,,
,,,,,,
,,,,,,
深信服NGAF下一代应用防火墙 (NGAF V4.3),admin,admin,,,,
深信服VPN,Admin,Admin,,,,
深信服WAC ( WNS V2.6),admin,admin,,,,
深信服产品,sangfor,sangfor,,,,
深信服产品,sangfor,sangfor@2018,,,,
深信服产品,sangfor,sangfor@2019,,,,
深信服负载均衡 AD 3.6,admin,admin,,,,
深信服科技?AD,<blank>,delanrecover,,,,
深信服上网行为管理设备数据中心,Admin,密码为<blank>,,,,
神州数码/华硕,adsl,adsl1234,,,,
神州数码6010RA,ADSL,ADSL1234,,,,
狮子鱼CMS,admin,admin888,,,,
实达 V3.2,root,root,,,,
实达 V5.4,root,grouter,,,,
实达2110EH ROUTER,root,grouter,,,,
实达2110EH ROUTER,user,password,,,,
实达2110EHROUTER,user,password,,,,
实达ADSL2110-EH,admin,starnetadsl,,,,
水星 MW150R,admin,admin,,,,
斯威特,root,root,,,,
斯威特,user,user,,,,
梭子鱼邮件存储网关,admin,admin,,,,
台湾突破 EA110 RS232:38400,SL,SL,,,,
台湾突破EA110RS232:38400,SL,SL,,,,
天境扫描器,admin,venustech60,,,,
天清web应用安全网关,admin,venus70,,,,
天清汉马USG防火墙,admin,venus.fw,,,,
天清汉马USG防火墙,Audit,venus.audit,,,,
天清汉马USG防火墙,useradmin,venus.user,,,,
天清入侵防御系统,admin,venus.nips,,,,
天融信VPN,test,123456,,,,
天融信防火墙,superman,talent！23,,,,
天融信防火墙NGFW4000,superman,talent,,,,
天融信数据库审计系统,superman,telent,,,,
天阗入侵检测与管理系统 V6.0,Admin,venus60,,,,
天阗入侵检测与管理系统 V6.0,Audit,venus60,,,,
天阗入侵检测与管理系统 V6.0,adm,venus60,,,,
天阗入侵检测与管理系统 V7.0,Admin,venus70,,,,
天阗入侵检测与管理系统 V7.0,Audit,venus70,,,,
天阗入侵检测与管理系统 V7.0,adm,venus70,,,,
天h网络安全审计系统,Admin,cyberaudit,,,,
同维 DSL699E,ROOT,ROOT,,,,
同维DSL699E,ROOT,ROOT,,,,
网康日志中心,ns25000,ns25000,,,,
网络安全审计系统（中科新业）,admin,123456,,,,
网络卫士入侵检测系统,admin,talent,,,,
网神SecFox运维安全管理与审计系统,admin,!1fw@2soc#3vpn,,,,
网神防火墙,firewall,firewall,,,,
网神防火墙GE1口,admin,firewall,,,,
网御WAF集中控制中心(V3.0R5.0),admin,leadsec.waf,,,,
网御WAF集中控制中心(V3.0R5.0),audit,leadsec.waf,,,,
网御WAF集中控制中心(V3.0R5.0),adm,leadsec.waf,,,,
网御漏洞扫描系统,leadsec,leadsec,,,,
网御入侵检测系统V3.2.72.0,adm,leadsec32,,,,
网御入侵检测系统V3.2.72.0,admin,leadsec32,,,,
网御事件服务器,admin,admin123,,,,
维盟路由器,admin,admin,,,,
维盟路由器,root,admin,,,,
伊泰克,supervisor,12345,,,,
伊泰克,supervisor,12345,,,,
铱讯 Yxlink WAF,sysadmin,sysadmin,,,,
亿邮邮件网关,eyouuser,eyou_admin,,,,
亿邮邮件网关,eyougw,admin@(eyou),,,,
亿邮邮件网关,admin,#NAME?,,,,
亿邮邮件网关,admin,cyouadmin,,,,
易通km300A-A,rootoradmin,123456,,,,
长虹 ch-500E,root,root,,,,
长虹ch-500E,root,root,,,,
中控考勤机web3.0,administrator,123456,,,,
中新金盾硬件防火墙,admin,123,,,,
中兴,adsl,adsl831,,,,
中兴adsl841,admin,private,,,,
重庆普天 CP ADSL03,root,root,,,,
重庆普天CPADSL03,root,root,,,,
中新金盾信息安全管理系统,admin,zxsoft1234!@#$,,,,
海康威视,admin,12345,,,,
海康威视 (base64),YWRtaW4=,MTIzNDU=,,,,
